<application>
  <component name="FileTypeManager" version="17">
    <ignoreFiles list="*.hprof;*.pyc;*.pyo;*.rbc;*~;.DS_Store;.git;.hg;.svn;CVS;RCS;SCCS;__pycache__;_svn;rcs;" />
    <extensionMap>
      <mapping ext="erb" type="HTML" />
      <mapping ext="ods" type="Native" />
      <mapping ext="mp3" type="Native" />
      <mapping ext="mine" type="PHP" />
      <mapping ext="r7923" type="PHP" />
      <mapping ext="ejs" type="PHP" />
      <mapping pattern="create_inspection_post_example" type="PLAIN_TEXT" />
      <mapping pattern="base" type="PLAIN_TEXT" />
      <mapping pattern="_notes" type="PLAIN_TEXT" />
      <mapping pattern="db" type="PLAIN_TEXT" />
      <mapping pattern="invoice-adjustment-test-cases" type="PLAIN_TEXT" />
      <mapping pattern=".empty" type="PLAIN_TEXT" />
      <mapping pattern="engine" type="PLAIN_TEXT" />
      <mapping pattern="readme" type="PLAIN_TEXT" />
      <mapping pattern=".stub" type="PLAIN_TEXT" />
      <mapping pattern="sess_5i0kmot5jdl47r3iegqf8kjr91" type="PLAIN_TEXT" />
      <mapping pattern="sess_rjcvvs2fjlushcv0n1r81k1b04" type="PLAIN_TEXT" />
      <mapping pattern="temp" type="PLAIN_TEXT" />
      <mapping pattern="something_from_nothing" type="PLAIN_TEXT" />
      <mapping ext="dat" type="PLAIN_TEXT" />
      <mapping ext="roy" type="PLAIN_TEXT" />
      <mapping ext="tmp" type="PLAIN_TEXT" />
      <mapping ext="old" type="PLAIN_TEXT" />
      <mapping ext="pages" type="PLAIN_TEXT" />
      <mapping ext="access" type="PLAIN_TEXT" />
      <mapping ext="db" type="PLAIN_TEXT" />
      <mapping pattern=".hbs" type="Twig" />
      <mapping pattern="col-1x1-no-img.twig" type="Twig" />
      <mapping pattern="test" type="XHTML" />
    </extensionMap>
  </component>
</application>