<?xml version="1.0" encoding="UTF-8"?>
<application>
  <component name="NotificationConfiguration">
    <notification groupId="Upgrade Subscription Renewal" displayType="STICKY_BALLOON" />
    <notification groupId="IDE Usage Statistics" displayType="STICKY_BALLOON" shouldLog="false" />
    <toolWindow group="Find in Path" />
    <toolWindow group="Web Deployment: Remote Host" />
    <toolWindow group="Grunt Console" />
    <toolWindow group="Vcs Messages" />
    <toolWindow group="Common Version Control Messages" />
    <toolWindow group="PHP Debugger" />
  </component>
</application>

