<?xml version="1.0" encoding="UTF-8"?>
<application>
  <component name="PrintSettings">
    <option name="printScope" value="1" />
    <option name="PAPER_SIZE" value="Letter" />
    <option name="FONT_NAME" value="Monaco" />
    <option name="FONT_SIZE" value="10" />
    <option name="PRINT_LINE_NUMBERS" value="false" />
    <option name="BOTTOM_MARGIN" value="0.5" />
    <option name="LEFT_MARGIN" value="0.5" />
    <option name="RIGHT_MARGIN" value="0.5" />
    <option name="DRAW_BORDER" value="false" />
    <option name="FOOTER_HEADER_TEXT1" value="" />
    <option name="FOOTER_HEADER_FONT_NAME" value="Monaco" />
  </component>
</application>

