<application>
  <component name="FileTypeManager" version="18">
    <extensionMap>
      <mapping pattern="lighthouse-ci/Dockerfile" type="Dockerfile" />
      <mapping ext="graphqlconfig" type="JSON" />
      <mapping pattern=".js" type="JSX Harmony" />
      <mapping ext="mdx" type="Markdown" />
      <mapping pattern="babelconfigjs" type="PLAIN_TEXT" />
      <mapping pattern=".docker-ignore" type="PLAIN_TEXT" />
      <mapping ext="stories-jsx" type="PLAIN_TEXT" />
      <removed_mapping ext="ignore" approved="true" type="IgnoreLang file" />
    </extensionMap>
  </component>
</application>