<application>
  <component name="MaterialThemeConfig">
    <option name="contrastMode" value="true" />
    <option name="highContrast" value="true" />
    <option name="premium" value="true" />
    <option name="allowDataCollection" value="true" />
    <option name="isContrastMode" value="true" />
    <option name="isHighContrast" value="true" />
    <option name="pristineConfig" value="false" />
    <option name="accentColor" value="ff9800" />
    <option name="selectedTheme" value="DARKER" />
    <option name="userId" value="-3d94a41d:174b156e686:-8000" />
  </component>
</application>