<code_scheme name="Default" version="173">
  <SqlCodeStyleSettings version="5">
    <option name="KEYWORD_CASE" value="2" />
    <option name="TYPE_CASE" value="3" />
    <option name="CUSTOM_TYPE_CASE" value="3" />
    <option name="ALIAS_CASE" value="1" />
    <option name="QUERY_EL_COMMA" value="2" />
  </SqlCodeStyleSettings>
  <codeStyleSettings language="SQL">
    <indentOptions>
      <option name="INDENT_SIZE" value="2" />
      <option name="CONTINUATION_INDENT_SIZE" value="2" />
      <option name="TAB_SIZE" value="2" />
    </indentOptions>
  </codeStyleSettings>
</code_scheme>