<application>
  <component name="FileTypeManager" version="17">
    <extensionMap>
      <mapping pattern="utils_go" type="PLAIN_TEXT" />
      <mapping pattern=".env.example" type="PLAIN_TEXT" />
      <mapping pattern="temp" type="PLAIN_TEXT" />
      <mapping pattern=".test.env" type="PLAIN_TEXT" />
      <mapping pattern=".xdebug.cyp-api.env" type="PLAIN_TEXT" />
      <mapping pattern="animator_go" type="PLAIN_TEXT" />
      <mapping pattern="game_alt_go" type="PLAIN_TEXT" />
      <mapping pattern=".gitkeep" type="PLAIN_TEXT" />
      <mapping pattern=".env-secret" type="PLAIN_TEXT" />
      <mapping ext="example" type="PLAIN_TEXT" />
      <mapping ext="py" type="PLAIN_TEXT" />
      <mapping pattern="config-play" type="Shell Script" />
      <mapping pattern="config-fixed" type="Shell Script" />
      <mapping pattern="zshrc" type="Shell Script" />
      <mapping pattern="config-work" type="Shell Script" />
      <mapping pattern="config" type="Shell Script" />
    </extensionMap>
  </component>
</application>