<application>
  <component name="MaterialThemeConfig">
    <option name="contrastMode" value="true" />
    <option name="highContrast" value="true" />
    <option name="highlightColorEnabled" value="true" />
    <option name="allowDataCollection" value="true" />
    <option name="isHighlightColorEnabled" value="true" />
    <option name="isContrastMode" value="true" />
    <option name="isHighContrast" value="true" />
    <option name="isWizardShown" value="true" />
    <option name="pristineConfig" value="false" />
    <option name="highlightThickness" value="5" />
    <option name="accentColor" value="ff9800" />
    <option name="highlightColor" value="ee9b3f" />
    <option name="selectedTheme" value="DARKER" />
    <option name="userId" value="-72df669a:165ba7ce2e4:-7fff" />
    <option name="version" value="5.2.0" />
  </component>
</application>