<application>
  <component name="LocalDatabaseDriverManager" version="201">
    <driver id="azure.ms">
      <option name="auto-sync" value="false" />
    </driver>
    <driver id="mysql.8">
      <artifact id="MySQL ConnectorJ" name="MySQL ConnectorJ" use="true" version="8.0.21" />
    </driver>
    <driver id="mysql">
      <artifact id="MySQL Connector/J" name="MySQL Connector/J" use="true" version="5.1.47" />
    </driver>
    <driver id="redshift">
      <artifact id="Redshift" name="Redshift" use="true" version="2.0.0.5" />
    </driver>
  </component>
</application>