<application>
  <component name="CodeFoldingSettings">
    <option name="COLLAPSE_IMPORTS" value="false" />
  </component>
  <component name="CodeInsightSettings">
    <option name="SURROUND_SELECTION_ON_QUOTE_TYPED" value="true" />
    <option name="HIGHLIGHT_SCOPE" value="true" />
  </component>
  <component name="Go">
    <option name="convertJsonOnPaste" value="YES" />
    <option name="renameCorrespondingTestOrProductionFile" value="YES" />
    <option name="renameDirectoryOnPackageRenaming" value="YES" />
    <option name="renamePackageOnDirectoryRenaming" value="YES" />
    <option name="renameSearchInCommentsForFunction" value="false" />
    <option name="renameSearchInCommentsForVariable" value="false" />
  </component>
  <component name="GoFoldingSettings">
    <option name="isOneLineReturns" value="false" />
    <option name="isOneLinePanics" value="false" />
    <option name="isOneLineReturnFunctions" value="false" />
    <option name="isOneLineErrorHandlingBlocks" value="false" />
    <option name="isOneLineCaseClauses" value="false" />
  </component>
</application>