<application>
  <component name="FileTypeManager" version="18">
    <ignoreFiles list="*.orig;*.pyc;*.pyo;*.rbc;*.yarb;*~;.DS_Store;.git;.hg;.svn;CVS;__pycache__;_svn;vssver.scc;vssver2.scc" />
    <extensionMap>
      <mapping pattern="aws-base-creds-example" type="AUTO_DETECTED" />
      <mapping pattern=".dockerignore" type="GitExclude file" />
      <mapping pattern=".env-secret" type="PLAIN_TEXT" />
      <mapping pattern=".keep" type="PLAIN_TEXT" />
      <mapping pattern=".env.example" type="PLAIN_TEXT" />
      <mapping pattern=".gitkeep" type="PLAIN_TEXT" />
      <mapping pattern=".test.env" type="PLAIN_TEXT" />
      <mapping pattern=".xdebug.cyp-api.env" type="PLAIN_TEXT" />
      <mapping ext="example" type="PLAIN_TEXT" />
      <mapping ext="py" type="PLAIN_TEXT" />
      <mapping pattern="generate-service-order-client" type="Shell Script" />
    </extensionMap>
  </component>
</application>