<application>
  <component name="FileTypeManager" version="18">
    <extensionMap>
      <mapping pattern=".env.example" type="PLAIN_TEXT" />
      <mapping pattern=".test.env" type="PLAIN_TEXT" />
      <mapping pattern=".gitkeep" type="PLAIN_TEXT" />
      <mapping pattern=".env-secret" type="PLAIN_TEXT" />
      <mapping pattern=".xdebug.cyp-api.env" type="PLAIN_TEXT" />
      <mapping ext="example" type="PLAIN_TEXT" />
      <mapping ext="py" type="PLAIN_TEXT" />
    </extensionMap>
  </component>
</application>