<application>
  <component name="FileTypeManager" version="19">
    <ignoreFiles list="*.orig;*.pyc;*.pyo;*.rbc;*.yarb;*~;.DS_Store;.git;.hg;.mypy_cache;.pytest_cache;.ruff_cache;.svn;CVS;__pycache__;_svn;vssver.scc;vssver2.scc" />
    <extensionMap>
      <mapping pattern=".env-secret" type="PLAIN_TEXT" />
      <mapping pattern=".test.env" type="PLAIN_TEXT" />
      <mapping pattern="tfplan" type="PLAIN_TEXT" />
      <mapping pattern=".env.example" type="PLAIN_TEXT" />
      <mapping pattern=".xdebug.cyp-api.env" type="PLAIN_TEXT" />
      <mapping pattern=".gitkeep" type="PLAIN_TEXT" />
      <mapping ext="example" type="PLAIN_TEXT" />
      <removed_mapping ext="py" approved="true" type="PLAIN_TEXT" />
    </extensionMap>
  </component>
</application>