<application>
  <component name="GoSdkList">
    <sdk-url>
      <set>
        <option value="file://$USER_HOME$/Code/s0/0_build.noindex/_tools/go/current" />
        <option value="file:///usr/local/Cellar/go/1.10/libexec" />
        <option value="file:///usr/local/Cellar/go/1.11.2/libexec" />
        <option value="file:///usr/local/Cellar/go/1.11.4/libexec" />
        <option value="file:///usr/local/Cellar/go/1.13.1/libexec" />
        <option value="file:///usr/local/Cellar/go/1.15.6/libexec" />
        <option value="file:///usr/local/opt/go/libexec" />
      </set>
    </sdk-url>
  </component>
</application>