<application>
  <component name="GoSdkList">
    <sdk-url>
      <set>
        <option value="file:///opt/homebrew/Cellar/go/1.18.2/libexec" />
        <option value="file:///opt/homebrew/Cellar/go/1.18.3/libexec" />
        <option value="file:///opt/homebrew/Cellar/go/1.18.4/libexec" />
        <option value="file:///opt/homebrew/Cellar/go/1.18.5/libexec" />
        <option value="file:///opt/homebrew/Cellar/go/1.19/libexec" />
        <option value="file:///opt/homebrew/Cellar/go/1.20.4/libexec" />
        <option value="file:///opt/homebrew/Cellar/go/1.22.0/libexec" />
        <option value="file:///opt/homebrew/Cellar/go@1.20/1.20.12/libexec" />
        <option value="file:///opt/homebrew/opt/go/libexec" />
        <option value="file:///usr/local/Cellar/go/1.10/libexec" />
        <option value="file:///usr/local/Cellar/go/1.11.2/libexec" />
        <option value="file:///usr/local/Cellar/go/1.11.4/libexec" />
        <option value="file:///usr/local/Cellar/go/1.13.1/libexec" />
        <option value="file:///usr/local/Cellar/go/1.15.6/libexec" />
        <option value="file:///usr/local/opt/go/libexec" />
      </set>
    </sdk-url>
  </component>
</application>