<application>
  <component name="MaterialThemeConfig">
    <option name="compactStatusBar" value="true" />
    <option name="contrastMode" value="true" />
    <option name="highContrast" value="true" />
    <option name="highlightColorEnabled" value="true" />
    <option name="isHighlightColorEnabled" value="true" />
    <option name="isCompactStatusBar" value="true" />
    <option name="isContrastMode" value="true" />
    <option name="isHighContrast" value="true" />
    <option name="pristineConfig" value="false" />
    <option name="highlightThickness" value="4" />
    <option name="settingsSelectedTab" value="1" />
    <option name="accentColor" value="ff9800" />
    <option name="highlightColor" value="ff9800" />
    <option name="selectedTheme" value="DARKER" />
    <option name="userId" value="fd613da:17b98fbe55e:-8000" />
    <option name="version" value="6.8.2" />
  </component>
</application>