<application>
  <component name="FileTypeManager" version="18">
    <extensionMap>
      <mapping pattern="aws-keys" type="PLAIN_TEXT" />
      <mapping pattern=".keep" type="PLAIN_TEXT" />
      <mapping pattern=".gemrc" type="PLAIN_TEXT" />
      <mapping pattern="base-creds" type="PLAIN_TEXT" />
      <mapping pattern=".app.env" type="PLAIN_TEXT" />
      <mapping pattern=".dockerignore" type="PLAIN_TEXT" />
      <mapping pattern="cert-passphrase" type="PLAIN_TEXT" />
      <mapping pattern="base-creds-example" type="PLAIN_TEXT" />
      <mapping ext="tpl" type="PLAIN_TEXT" />
      <mapping ext="gem" type="PLAIN_TEXT" />
      <mapping ext="conf" type="PLAIN_TEXT" />
      <removed_mapping ext="ignore" approved="true" type="IgnoreLang file" />
      <removed_mapping pattern=".dockerignore" approved="true" type="Docker File" />
    </extensionMap>
  </component>
</application>