<application>
  <component name="FileTypeManager" version="17">
    <extensionMap>
      <mapping pattern=".keep" type="PLAIN_TEXT" />
      <mapping pattern=".dockerignore" type="PLAIN_TEXT" />
      <mapping pattern="cert-passphrase" type="PLAIN_TEXT" />
      <mapping pattern="base-creds-example" type="PLAIN_TEXT" />
      <mapping pattern="aws-keys" type="PLAIN_TEXT" />
      <mapping pattern="base-creds" type="PLAIN_TEXT" />
      <mapping ext="tpl" type="PLAIN_TEXT" />
      <mapping ext="conf" type="PLAIN_TEXT" />
    </extensionMap>
  </component>
</application>