<application>
  <component name="FindSettings">
    <option name="caseSensitive" value="true" />
    <option name="customScope" value="All Places" />
    <option name="defaultScopeName" value="All Places" />
    <option name="CASE_SENSITIVE_SEARCH" value="true" />
    <option name="SEARCH_SCOPE" value="All Places" />
    <mask>*.json</mask>
    <mask>*.scss</mask>
    <mask>*.rb</mask>
    <mask>*.stories.tsx</mask>
    <mask>*.html.erb</mask>
    <mask>*.tsx</mask>
    <mask>*.md</mask>
  </component>
</application>