<application>
  <component name="ProjectJdkTable">
    <jdk version="2">
      <name value="ruby-2.3.7-p456" />
      <type value="RUBY_SDK" />
      <version value="ver.2.3.7p456 ( revision 63024) p456" />
      <homePath value="/usr/bin/ruby" />
      <roots>
        <classPath>
          <root type="composite">
            <root url="file:///Library/Ruby/Gems/2.3.0/gems/did_you_mean-1.0.0/lib" type="simple" />
            <root url="file:///Library/Ruby/Site/2.3.0" type="simple" />
            <root url="file:///Library/Ruby/Site/2.3.0/universal-darwin18" type="simple" />
            <root url="file:///Library/Ruby/Site" type="simple" />
            <root url="file:///System/Library/Frameworks/Ruby.framework/Versions/2.3/usr/lib/ruby/vendor_ruby/2.3.0" type="simple" />
            <root url="file:///System/Library/Frameworks/Ruby.framework/Versions/2.3/usr/lib/ruby/vendor_ruby/2.3.0/universal-darwin18" type="simple" />
            <root url="file:///System/Library/Frameworks/Ruby.framework/Versions/2.3/usr/lib/ruby/vendor_ruby" type="simple" />
            <root url="file:///System/Library/Frameworks/Ruby.framework/Versions/2.3/usr/lib/ruby/2.3.0" type="simple" />
            <root url="file:///System/Library/Frameworks/Ruby.framework/Versions/2.3/usr/lib/ruby/2.3.0/universal-darwin18" type="simple" />
            <root url="file://$APPLICATION_HOME_DIR$/rubystubs23" type="simple" />
          </root>
        </classPath>
        <sourcePath>
          <root type="composite">
            <root url="file:///Library/Ruby/Gems/2.3.0/gems/did_you_mean-1.0.0/lib" type="simple" />
            <root url="file:///Library/Ruby/Site/2.3.0" type="simple" />
            <root url="file:///Library/Ruby/Site/2.3.0/universal-darwin18" type="simple" />
            <root url="file:///Library/Ruby/Site" type="simple" />
            <root url="file:///System/Library/Frameworks/Ruby.framework/Versions/2.3/usr/lib/ruby/vendor_ruby/2.3.0" type="simple" />
            <root url="file:///System/Library/Frameworks/Ruby.framework/Versions/2.3/usr/lib/ruby/vendor_ruby/2.3.0/universal-darwin18" type="simple" />
            <root url="file:///System/Library/Frameworks/Ruby.framework/Versions/2.3/usr/lib/ruby/vendor_ruby" type="simple" />
            <root url="file:///System/Library/Frameworks/Ruby.framework/Versions/2.3/usr/lib/ruby/2.3.0" type="simple" />
            <root url="file:///System/Library/Frameworks/Ruby.framework/Versions/2.3/usr/lib/ruby/2.3.0/universal-darwin18" type="simple" />
            <root url="file://$APPLICATION_HOME_DIR$/rubystubs23" type="simple" />
          </root>
        </sourcePath>
      </roots>
      <additional NORMALIZED_VERSION_STRING="ver.2.3.7p456 ( revision 63024) p456" version="1" GEMS_BIN_DIR_PATH="/usr/local/bin">
        <VERSION_MANAGER ID="system">
          <custom-configurator>
            <list />
          </custom-configurator>
        </VERSION_MANAGER>
        <RbConfig />
      </additional>
    </jdk>
  </component>
</application>