<application>
  <component name="ProjectJdkTable">
    <jdk version="2">
      <name value="ruby-2.3.7-p456" />
      <type value="RUBY_SDK" />
      <version value="ver.2.3.7p456 ( revision 63024) p456" />
      <homePath value="/usr/bin/ruby" />
      <roots>
        <classPath>
          <root type="composite">
            <root url="file:///Library/Ruby/Gems/2.3.0/gems/did_you_mean-1.0.0/lib" type="simple" />
            <root url="file:///Library/Ruby/Site/2.3.0" type="simple" />
            <root url="file:///Library/Ruby/Site/2.3.0/universal-darwin18" type="simple" />
            <root url="file:///Library/Ruby/Site" type="simple" />
            <root url="file:///System/Library/Frameworks/Ruby.framework/Versions/2.3/usr/lib/ruby/vendor_ruby/2.3.0" type="simple" />
            <root url="file:///System/Library/Frameworks/Ruby.framework/Versions/2.3/usr/lib/ruby/vendor_ruby/2.3.0/universal-darwin18" type="simple" />
            <root url="file:///System/Library/Frameworks/Ruby.framework/Versions/2.3/usr/lib/ruby/vendor_ruby" type="simple" />
            <root url="file:///System/Library/Frameworks/Ruby.framework/Versions/2.3/usr/lib/ruby/2.3.0" type="simple" />
            <root url="file:///System/Library/Frameworks/Ruby.framework/Versions/2.3/usr/lib/ruby/2.3.0/universal-darwin18" type="simple" />
            <root url="file://$APPLICATION_HOME_DIR$/rubystubs23" type="simple" />
          </root>
        </classPath>
        <sourcePath>
          <root type="composite">
            <root url="file:///Library/Ruby/Gems/2.3.0/gems/did_you_mean-1.0.0/lib" type="simple" />
            <root url="file:///Library/Ruby/Site/2.3.0" type="simple" />
            <root url="file:///Library/Ruby/Site/2.3.0/universal-darwin18" type="simple" />
            <root url="file:///Library/Ruby/Site" type="simple" />
            <root url="file:///System/Library/Frameworks/Ruby.framework/Versions/2.3/usr/lib/ruby/vendor_ruby/2.3.0" type="simple" />
            <root url="file:///System/Library/Frameworks/Ruby.framework/Versions/2.3/usr/lib/ruby/vendor_ruby/2.3.0/universal-darwin18" type="simple" />
            <root url="file:///System/Library/Frameworks/Ruby.framework/Versions/2.3/usr/lib/ruby/vendor_ruby" type="simple" />
            <root url="file:///System/Library/Frameworks/Ruby.framework/Versions/2.3/usr/lib/ruby/2.3.0" type="simple" />
            <root url="file:///System/Library/Frameworks/Ruby.framework/Versions/2.3/usr/lib/ruby/2.3.0/universal-darwin18" type="simple" />
            <root url="file://$APPLICATION_HOME_DIR$/rubystubs23" type="simple" />
          </root>
        </sourcePath>
      </roots>
      <additional NORMALIZED_VERSION_STRING="ver.2.3.7p456 ( revision 63024) p456" GEMS_BIN_DIR_PATH="/usr/local/bin">
        <VERSION_MANAGER ID="system" />
      </additional>
    </jdk>
    <jdk version="2">
      <name value="rbenv: 2.6.1" />
      <type value="RUBY_SDK" />
      <version value="ver.2.6.1p33 ( revision 66950) p33" />
      <homePath value="$USER_HOME$/.rbenv/versions/2.6.1/bin/ruby" />
      <roots>
        <classPath>
          <root type="composite">
            <root url="file:///usr/local/Cellar/rbenv/1.1.1/rbenv.d/exec/gem-rehash" type="simple" />
            <root url="file://$USER_HOME$/.rbenv/versions/2.6.1/lib/ruby/gems/2.6.0/gems/did_you_mean-1.3.0/lib" type="simple" />
            <root url="file://$USER_HOME$/.rbenv/versions/2.6.1/lib/ruby/site_ruby/2.6.0" type="simple" />
            <root url="file://$USER_HOME$/.rbenv/versions/2.6.1/lib/ruby/site_ruby/2.6.0/x86_64-darwin18" type="simple" />
            <root url="file://$USER_HOME$/.rbenv/versions/2.6.1/lib/ruby/site_ruby" type="simple" />
            <root url="file://$USER_HOME$/.rbenv/versions/2.6.1/lib/ruby/vendor_ruby/2.6.0" type="simple" />
            <root url="file://$USER_HOME$/.rbenv/versions/2.6.1/lib/ruby/vendor_ruby/2.6.0/x86_64-darwin18" type="simple" />
            <root url="file://$USER_HOME$/.rbenv/versions/2.6.1/lib/ruby/vendor_ruby" type="simple" />
            <root url="file://$USER_HOME$/.rbenv/versions/2.6.1/lib/ruby/2.6.0" type="simple" />
            <root url="file://$USER_HOME$/.rbenv/versions/2.6.1/lib/ruby/2.6.0/x86_64-darwin18" type="simple" />
            <root url="file://$APPLICATION_HOME_DIR$/rubystubs26" type="simple" />
          </root>
        </classPath>
        <sourcePath>
          <root type="composite">
            <root url="file:///usr/local/Cellar/rbenv/1.1.1/rbenv.d/exec/gem-rehash" type="simple" />
            <root url="file://$USER_HOME$/.rbenv/versions/2.6.1/lib/ruby/gems/2.6.0/gems/did_you_mean-1.3.0/lib" type="simple" />
            <root url="file://$USER_HOME$/.rbenv/versions/2.6.1/lib/ruby/site_ruby/2.6.0" type="simple" />
            <root url="file://$USER_HOME$/.rbenv/versions/2.6.1/lib/ruby/site_ruby/2.6.0/x86_64-darwin18" type="simple" />
            <root url="file://$USER_HOME$/.rbenv/versions/2.6.1/lib/ruby/site_ruby" type="simple" />
            <root url="file://$USER_HOME$/.rbenv/versions/2.6.1/lib/ruby/vendor_ruby/2.6.0" type="simple" />
            <root url="file://$USER_HOME$/.rbenv/versions/2.6.1/lib/ruby/vendor_ruby/2.6.0/x86_64-darwin18" type="simple" />
            <root url="file://$USER_HOME$/.rbenv/versions/2.6.1/lib/ruby/vendor_ruby" type="simple" />
            <root url="file://$USER_HOME$/.rbenv/versions/2.6.1/lib/ruby/2.6.0" type="simple" />
            <root url="file://$USER_HOME$/.rbenv/versions/2.6.1/lib/ruby/2.6.0/x86_64-darwin18" type="simple" />
            <root url="file://$APPLICATION_HOME_DIR$/rubystubs26" type="simple" />
          </root>
        </sourcePath>
      </roots>
      <additional NORMALIZED_VERSION_STRING="ver.2.6.1p33 ( revision 66950) p33" GEMS_BIN_DIR_PATH="$USER_HOME$/.rbenv/versions/2.6.1/bin">
        <VERSION_MANAGER ID="rbenv">
          <option name="gemset-name" />
          <distribution-id>2.6.1</distribution-id>
          <version-manager-path>/usr/local/bin/rbenv</version-manager-path>
        </VERSION_MANAGER>
      </additional>
    </jdk>
  </component>
</application>