<application>
  <component name="MaterialThemeConfig">
    <option name="allowDataCollection" value="true" />
    <option name="highlightColorEnabled" value="true" />
    <option name="isCompactStatusBar" value="true" />
    <option name="isContrastMode" value="true" />
    <option name="isHighContrast" value="true" />
    <option name="isWizardShown" value="true" />
    <option name="overrideAccentColor" value="true" />
    <option name="pristineConfig" value="false" />
    <option name="highlightThickness" value="4" />
    <option name="accentColor" value="ff9800" />
    <option name="highlightColor" value="ff9800" />
    <option name="selectedTheme" value="DARKER" />
    <option name="userId" value="-75edd55d:168af42c886:-8000" />
    <option name="version" value="3.5.0.1" />
  </component>
</application>