<?xml version="1.0" encoding="UTF-8"?>
<list display="Deployment" description="Deployment actions" readonly="false">
  <action id="PublishGroup.Upload" />
  <action id="PublishGroup.UploadTo" />
  <action id="PublishGroup.Download" />
  <action id="PublishGroup.CompareLocalVsRemote" />
  <action id="OpenInBrowser" />
  <action id="QuickList.$Separator$" />
  <action id="SelectInRemoteHost" />
  <action id="WebDeployment.BrowseServers" />
  <action id="RemoteHostView.CreateFolder" />
  <action id="RemoteHostView.SetPermissions" />
  <action id="QuickList.$Separator$" />
  <action id="WebDeployment.Configuration" />
</list>

