<code_scheme name="Default" version="173">
  <MSSQLCodeStyleSettings version="2">
    <option name="ALIAS_CASE" value="1" />
    <option name="KEYWORD_CASE" value="0" />
    <option name="TYPE_CASE" value="3" />
  </MSSQLCodeStyleSettings>
  <MySQLCodeStyleSettings version="2">
    <option name="ALIAS_CASE" value="1" />
    <option name="KEYWORD_CASE" value="0" />
    <option name="TYPE_CASE" value="3" />
  </MySQLCodeStyleSettings>
  <OracleCodeStyleSettings version="2">
    <option name="ALIAS_CASE" value="1" />
    <option name="KEYWORD_CASE" value="0" />
    <option name="TYPE_CASE" value="3" />
  </OracleCodeStyleSettings>
  <PostgresCodeStyleSettings version="2">
    <option name="ALIAS_CASE" value="1" />
    <option name="KEYWORD_CASE" value="0" />
    <option name="TYPE_CASE" value="3" />
  </PostgresCodeStyleSettings>
  <SqlCodeStyleSettings version="2">
    <option name="ALIAS_CASE" value="1" />
    <option name="KEYWORD_CASE" value="0" />
    <option name="TYPE_CASE" value="3" />
  </SqlCodeStyleSettings>
  <SybaseCodeStyleSettings version="2">
    <option name="ALIAS_CASE" value="1" />
    <option name="KEYWORD_CASE" value="0" />
    <option name="TYPE_CASE" value="3" />
  </SybaseCodeStyleSettings>
  <codeStyleSettings language="MySQL">
    <indentOptions>
      <option name="INDENT_SIZE" value="2" />
      <option name="CONTINUATION_INDENT_SIZE" value="4" />
      <option name="TAB_SIZE" value="2" />
      <option name="USE_TAB_CHARACTER" value="true" />
    </indentOptions>
  </codeStyleSettings>
</code_scheme>