<code_scheme name="Default" version="173">
  <MSSQLCodeStyleSettings version="6">
    <option name="TYPE_CASE" value="3" />
    <option name="CUSTOM_TYPE_CASE" value="3" />
    <option name="ALIAS_CASE" value="1" />
  </MSSQLCodeStyleSettings>
  <MySQLCodeStyleSettings version="6">
    <option name="TYPE_CASE" value="3" />
    <option name="CUSTOM_TYPE_CASE" value="3" />
    <option name="ALIAS_CASE" value="1" />
  </MySQLCodeStyleSettings>
  <OracleCodeStyleSettings version="6">
    <option name="TYPE_CASE" value="3" />
    <option name="CUSTOM_TYPE_CASE" value="3" />
    <option name="ALIAS_CASE" value="1" />
  </OracleCodeStyleSettings>
  <PostgresCodeStyleSettings version="6">
    <option name="TYPE_CASE" value="3" />
    <option name="CUSTOM_TYPE_CASE" value="3" />
    <option name="ALIAS_CASE" value="1" />
  </PostgresCodeStyleSettings>
  <SqlCodeStyleSettings version="6">
    <option name="KEYWORD_CASE" value="2" />
    <option name="IDENTIFIER_CASE" value="1" />
    <option name="TYPE_CASE" value="1" />
    <option name="CUSTOM_TYPE_CASE" value="1" />
    <option name="ALIAS_CASE" value="1" />
    <option name="QUERY_ALIGN_ELEMENTS" value="false" />
    <option name="SUBQUERY_OPENING" value="1" />
    <option name="SUBQUERY_CONTENT" value="2" />
    <option name="SUBQUERY_PAR_SPACE_BEFORE" value="1" />
    <option name="INSERT_INTO_NL" value="2" />
    <option name="INSERT_TABLE_EL_LINE" value="1" />
    <option name="INSERT_VALUES_EL_LINE" value="101" />
    <option name="SET_EL_LINE" value="1" />
    <option name="SET_ALIGN_EQUAL_SIGN" value="false" />
    <option name="SELECT_EL_LINE" value="1" />
    <option name="SELECT_EL_WRAP" value="3" />
    <option name="SELECT_KEEP_N_ITEMS_IN_LINE" value="0" />
    <option name="SELECT_USE_AS_WORD" value="1" />
    <option name="SELECT_ALIGN_AS" value="false" />
    <option name="FROM_EL_LINE" value="1" />
    <option name="FROM_EL_WRAP" value="3" />
    <option name="FROM_INDENT_JOIN" value="false" />
    <option name="WHERE_EL_LINE" value="1" />
    <option name="WHERE_EL_BOUND" value="0" />
    <option name="ORDER_EL_WRAP" value="0" />
  </SqlCodeStyleSettings>
  <SybaseCodeStyleSettings version="6">
    <option name="TYPE_CASE" value="3" />
    <option name="CUSTOM_TYPE_CASE" value="3" />
    <option name="ALIAS_CASE" value="1" />
  </SybaseCodeStyleSettings>
  <codeStyleSettings language="MySQL">
    <indentOptions>
      <option name="INDENT_SIZE" value="2" />
      <option name="CONTINUATION_INDENT_SIZE" value="4" />
      <option name="TAB_SIZE" value="2" />
      <option name="USE_TAB_CHARACTER" value="true" />
    </indentOptions>
  </codeStyleSettings>
  <codeStyleSettings language="SQL">
    <indentOptions>
      <option name="INDENT_SIZE" value="2" />
      <option name="CONTINUATION_INDENT_SIZE" value="2" />
      <option name="TAB_SIZE" value="2" />
      <option name="USE_TAB_CHARACTER" value="true" />
    </indentOptions>
  </codeStyleSettings>
</code_scheme>