<application>
  <component name="FileTypeManager" version="18">
    <ignoreFiles list="*.orig;*.pyc;*.pyo;*.rbc;*.yarb;*~;.DS_Store;.git;.hg;.svn;CVS;__pycache__;_svn;vssver.scc;vssver2.scc" />
    <extensionMap>
      <mapping pattern=".secrets" type=".env file" />
      <mapping pattern="jq-notes" type="AUTO_DETECTED" />
      <mapping pattern="npmrc" type="AUTO_DETECTED" />
      <mapping pattern="rails-temp/Dockerfile" type="AUTO_DETECTED" />
      <mapping pattern="g" type="AUTO_DETECTED" />
      <mapping pattern="ssh_config" type="AUTO_DETECTED" />
      <mapping pattern=".js" type="JSX Harmony" />
      <mapping ext="mdx" type="Markdown" />
      <mapping pattern=".docker-ignore" type="PLAIN_TEXT" />
      <mapping pattern=".dockerignore" type="PLAIN_TEXT" />
      <mapping pattern=".npmrc.example" type="PLAIN_TEXT" />
      <mapping pattern=".gitkeep" type="PLAIN_TEXT" />
      <mapping ext="tmp" type="PLAIN_TEXT" />
      <mapping ext="stories-jsx" type="PLAIN_TEXT" />
      <mapping ext="lock" type="PLAIN_TEXT" />
      <removed_mapping ext="ignore" approved="true" type="IgnoreLang file" />
      <removed_mapping pattern=".dockerignore" approved="true" type="Docker File" />
      <removed_mapping pattern=".env" approved="true" type="PLAIN_TEXT" />
      <removed_mapping pattern=".js" approved="true" type="JavaScript" />
    </extensionMap>
  </component>
</application>