<application>
  <component name="FileTypeManager" version="19">
    <extensionMap>
      <mapping pattern="test" type="AUTO_DETECTED" />
      <mapping pattern="ssh_config" type="AUTO_DETECTED" />
      <mapping pattern=".js" type="JSX Harmony" />
      <mapping ext="mdx" type="Markdown" />
      <mapping pattern=".docker-ignore" type="PLAIN_TEXT" />
      <mapping pattern=".dockerignore" type="PLAIN_TEXT" />
      <mapping pattern=".npmrc" type="PLAIN_TEXT" />
      <mapping pattern=".gitkeep" type="PLAIN_TEXT" />
      <mapping ext="stories-jsx" type="PLAIN_TEXT" />
      <removed_mapping ext="dockerignore" approved="true" type="DockerIgnore file" />
      <removed_mapping ext="ignore" approved="true" type="IgnoreLang file" />
      <removed_mapping pattern=".dockerignore" approved="true" type="Docker File" />
      <removed_mapping pattern=".env" approved="true" type="PLAIN_TEXT" />
      <removed_mapping pattern=".js" approved="true" type="JavaScript" />
    </extensionMap>
  </component>
</application>