<application>
  <component name="FindSettings">
    <option name="customScope" value="Project Files" />
    <option name="defaultScopeName" value="Project Files" />
    <option name="SEARCH_SCOPE" value="Project Files" />
    <mask>*.xml</mask>
    <mask>*.css</mask>
    <mask>*.htm</mask>
    <mask>*.shtml</mask>
    <mask>*.shtm</mask>
    <mask>*.sht</mask>
    <mask>*.ng</mask>
    <mask>*.html</mask>
    <mask>*.ats</mask>
    <mask>*.cjs</mask>
    <mask>*.js</mask>
    <mask>*.mdx</mask>
    <mask>*.styles.ts</mask>
    <mask>*.styles.tsx</mask>
    <mask>*.ts*</mask>
    <mask>*.json</mask>
    <mask>*.ts</mask>
    <mask>*.tsx</mask>
  </component>
</application>