<application>
  <component name="MaterialThemeConfig">
    <option name="allowDataCollection" value="true" />
    <option name="isHighlightColorEnabled" value="true" />
    <option name="isCompactStatusBar" value="true" />
    <option name="isContrastMode" value="true" />
    <option name="isHighContrast" value="true" />
    <option name="isWizardShown" value="true" />
    <option name="pristineConfig" value="false" />
    <option name="highlightThickness" value="4" />
    <option name="accentColor" value="ff9800" />
    <option name="secondAccentColor" />
    <option name="highlightColor" value="ee9b3f" />
    <option name="focusColor" />
    <option name="selectedTheme" value="DARKER" />
    <option name="userId" value="-5c67b30:165bab43063:-7fff" />
    <option name="version" value="8.13.2" />
  </component>
</application>