<application>
  <component name="NodeJsLocalInterpreterManager">
    <local-interpreter path="/opt/homebrew/bin/node">
      <version-cache version="22.9.0" last-modified="1728927991367" />
    </local-interpreter>
  </component>
  <component name="NodeJsRemoteInterpreters">
    <interpreter node-remote-interpreter="docker://kedge/gatsby-dev:latest/node" INTERPRETER_PATH="node" HELPERS_PATH=".webstorm_nodejs_helpers" VALID="true" RUN_AS_ROOT_VIA_SUDO="false" VERSION="" OUTDATED_ID="" DOCKER_ACCOUNT_NAME="Kedge Web Docker" DOCKER_IMAGE_NAME="kedge/gatsby-dev:latest" DOCKER_REMOTE_PROJECT_PATH="/opt/project" />
    <interpreter node-remote-interpreter="docker://kedge-web-2:dev/node" INTERPRETER_PATH="node" HELPERS_PATH=".webstorm_nodejs_helpers" VALID="true" RUN_AS_ROOT_VIA_SUDO="false" VERSION="" OUTDATED_ID="" DOCKER_ACCOUNT_NAME="Kedge Web Docker" DOCKER_IMAGE_NAME="kedge-web-2:dev" DOCKER_REMOTE_PROJECT_PATH="/opt/project" />
    <interpreter node-remote-interpreter="docker://horns:latest/node" INTERPRETER_PATH="node" HELPERS_PATH=".webstorm_nodejs_helpers" VALID="true" RUN_AS_ROOT_VIA_SUDO="false" VERSION="" OUTDATED_ID="" DOCKER_ACCOUNT_NAME="Kedge Web Docker" DOCKER_IMAGE_NAME="horns:latest" DOCKER_REMOTE_PROJECT_PATH="/opt/project" />
  </component>
</application>