<application>
  <component name="RemoteServers">
    <remote-server name="Kedge Web Docker" type="docker">
      <configuration>
        <option name="apiUrl" value="unix:///var/run/docker.sock" />
        <option name="certificatesPath" />
        <option name="pathMappings">
          <list>
            <DockerPathMappingImpl>
              <option name="localPath" value="$USER_HOME$/Code/kedge-web-gatsby" />
              <option name="virtualMachinePath" value="/site" />
            </DockerPathMappingImpl>
          </list>
        </option>
      </configuration>
    </remote-server>
  </component>
</application>