<application>
  <component name="MaterialThemeConfig">
    <option name="contrastMode" value="true" />
    <option name="highContrast" value="true" />
    <option name="highlightColorEnabled" value="true" />
    <option name="isHighlightColorEnabled" value="true" />
    <option name="isContrastMode" value="true" />
    <option name="isHighContrast" value="true" />
    <option name="isWizardShown" value="true" />
    <option name="pristineConfig" value="false" />
    <option name="highlightThickness" value="4" />
    <option name="accentColor" value="ff9800" />
    <option name="highlightColor" value="ee9b3f" />
    <option name="selectedTheme" value="DARKER" />
    <option name="userId" value="7f859f:1688b61fca8:-7fff" />
    <option name="version" value="8.4.1" />
  </component>
</application>