<application>
  <component name="MaterialThemeConfig">
    <option name="highlightColorEnabled" value="true" />
    <option name="isContrastMode" value="true" />
    <option name="isWizardShown" value="true" />
    <option name="highlightThickness" value="4" />
    <option name="accentColor" value="ee9b3f" />
    <option name="highlightColor" value="ee9b3f" />
    <option name="selectedTheme" value="DARKER" />
    <option name="userId" value="7f859f:1688b61fca8:-7fff" />
    <option name="version" value="3.5.0" />
  </component>
</application>