<keymap version="1" name="macOS copy" parent="Mac OS X 10.5+">
  <action id="$Paste" />
  <action id="Annotate">
    <keyboard-shortcut first-keystroke="shift ctrl meta a" />
  </action>
  <action id="CloseAllUnpinnedEditors">
    <keyboard-shortcut first-keystroke="shift meta w" />
  </action>
  <action id="DatabaseView.DataSourcePasteAction" />
  <action id="EditorPaste" />
  <action id="EditorPasteSimple">
    <keyboard-shortcut first-keystroke="shift meta alt v" />
    <keyboard-shortcut first-keystroke="meta v" />
  </action>
  <action id="ExportSettings">
    <keyboard-shortcut first-keystroke="ctrl meta e" />
  </action>
  <action id="Terminal.Paste">
    <keyboard-shortcut first-keystroke="shift insert" />
  </action>
</keymap>