<keymap version="1" name="macOS copy" parent="Mac OS X 10.5+">
  <action id="Annotate">
    <keyboard-shortcut first-keystroke="shift ctrl meta a" />
  </action>
  <action id="CloseAllEditors">
    <keyboard-shortcut first-keystroke="shift meta w" />
  </action>
  <action id="EditorDecreaseFontSize">
    <keyboard-shortcut first-keystroke="ctrl meta minus" />
  </action>
  <action id="EditorIncreaseFontSize">
    <keyboard-shortcut first-keystroke="ctrl meta equals" />
  </action>
  <action id="EditorResetFontSize">
    <keyboard-shortcut first-keystroke="ctrl meta 0" />
  </action>
  <action id="ExportSettings">
    <keyboard-shortcut first-keystroke="ctrl meta e" />
  </action>
  <action id="ExpressionTypeInfo" />
  <action id="TogglePresentationMode">
    <keyboard-shortcut first-keystroke="shift meta p" />
  </action>
  <action id="ZoomCurrentWindow" />
</keymap>