<application>
  <component name="LocalDatabaseDriverManager" version="201">
    <driver id="azure.ms">
      <option name="auto-sync" value="false" />
    </driver>
    <driver id="mysql.8">
      <artifact id="MySQL Connector/J 8" name="MySQL Connector/J 8" use="true" version="8.0.15" />
    </driver>
    <driver id="mysql">
      <artifact id="MySQL Connector/J" name="MySQL Connector/J" use="true" version="5.1.47" />
    </driver>
    <driver id="postgresql">
      <artifact id="PostgreSQL" name="PostgreSQL" use="true" version="42.2.22" />
    </driver>
  </component>
</application>