<application>
  <component name="MaterialThemeConfig">
    <option name="allowDataCollection" value="true" />
    <option name="isHighlightColorEnabled" value="true" />
    <option name="isContrastMode" value="true" />
    <option name="isHighContrast" value="true" />
    <option name="pristineConfig" value="false" />
    <option name="accentColor" value="ff9800" />
    <option name="highlightColor" value="ee9b3f" />
    <option name="selectedTheme" value="DARKER" />
    <option name="userId" value="10421ce0:1818d738ecd:-8000" />
    <option name="version" value="8.13.2" />
  </component>
</application>