<application>
  <component name="SshConfigs">
    <configs>
      <sshConfig host="3.217.124.100" id="7009cda4-43f2-4d33-9bd8-48d2e2dae05e" keyPath="$USER_HOME$/.ssh/bastion-development.pem" port="22" nameFormat="DESCRIPTIVE" username="ubuntu" useOpenSSHConfig="true" />
      <sshConfig host="34.230.168.218" id="7988ddfa-b809-46dd-b7e8-e7e1ba68ec62" keyPath="$USER_HOME$/.ssh/bastion-production.pem" port="22" customName="ubuntu@34.230.168.218:22" nameFormat="CUSTOM" username="ubuntu" useOpenSSHConfig="true">
        <option name="customName" value="ubuntu@34.230.168.218:22" />
      </sshConfig>
      <sshConfig host="52.206.44.69" id="b5127f99-a425-41b6-94c4-ab6cedfa09ac" keyPath="$USER_HOME$/.ssh/denari-bastion-development.pem" port="22" customName="denari-development-bastion" nameFormat="CUSTOM" username="ubuntu" useOpenSSHConfig="true">
        <option name="customName" value="denari-development-bastion" />
      </sshConfig>
      <sshConfig host="52.206.44.69" id="0e822e16-c089-4498-9094-814a5610b362" keyPath="$USER_HOME$/.ssh/denari-bastion-development-aaron" port="22" customName="denari-development-bastion-aaron" nameFormat="CUSTOM" username="aaron" useOpenSSHConfig="true">
        <option name="customName" value="denari-development-bastion-aaron" />
      </sshConfig>
    </configs>
  </component>
</application>